"id","ind","respuesta"
"cerezo2005062501",1,"1"
"cerezo2005081701",2,"1"
"cpj2006020601",3,"1"
"cpj2006020701",4,"1"
"cpj2006020801",5,"1"
"cpj2006021601",6,"2"
"cpj2006030301",7,"1"
"cpj2006031001",8,"1"
"cpj2006042001",9,"1"
"cpj2006042801",10,"2"
"cerezo2006051801",11,"1"
"cerezo2006060601",12,"1"
"cpj2006062201",13,"1"
"cpj2006071101",14,"1"
"cerezo2006072101",15,"1"
"cerezo2006072102",16,"2"
"cpj2006072401",17,"1"
"cpj2006081001",18,"2"
"cpj2006081701",19,"1"
"cpj2006082101",20,"2"
"cpj2006082401",21,"1"
"cerezo2006090901",22,"2"
"cerezo2006091001",23,"2"
"cerezo2006091201",24,"2"
"cerezo2006091202",25,"2"
"cerezo2006092101",26,"1"
"cerezo2006102801",27,"2"
"cerezo2006110201",28,"-1"
"cpj2006111301",29,"-1"
"cpj2006111701",30,"1"
"cpj2006112201",31,"-1"
"cpj2006120101",32,"-1"
"cpj2006120401",33,"-1"
"cerezo2006120901",34,"-1"
"cerezo2007010901",35,"-1"
"cpj2007011701",36,"-1"
"cpj2007012601",37,"-1"
"cpj2007030701",38,"-1"
"cpj2007041101",39,"-1"
"cpj2007041301",40,"1"
"cpj2007041701",41,"-1"
"cpj2007042401",42,"-1"
"cpj2007050901",43,"-1"
"cpj2007051401",44,"-1"
"cpj2007051701",45,"-1"
"cpj2007052501",46,"-1"
"cpj2007052901",47,"-1"
"cpj2007061201",48,"-1"
"cpj2007061301",49,"-1"
"cerezo2007070201",50,"-1"
"cerezo2007070601",51,"-1"
"cerezo2007071101",52,"-1"
"cpj2007071301",53,"-1"
"cpj2007080801",54,"-1"
"cpj2007080901",55,"-1"
"cpj2007081001",56,"-1"
"cpj2007091001",57,"-1"
"cpj2007100901",58,"-1"
"cpj2007121001",59,"-1"
"cerezo2007121201",60,"-1"
"cerezo2007121401",61,"-1"
"cerezo2007121402",62,"-1"
"cpj2008012801",63,"-1"
"cpj2008012901",64,"-1"
"cpj2008020701",65,"-1"
"cpj2008021501",66,"-1"
"cpj2008022501",67,"-1"
"cpj2008031701",68,"-1"
"cpj2008040701",69,"-1"
"cpj2008041001",70,"-1"
"cpj2008042501",71,"-1"
"cpj2008050701",72,"-1"
"cpj2008060901",73,"-1"
"cpj2008061001",74,"-1"
"cpj2008062301",75,"-1"
"cpj2008080801",76,"-1"
"prodesc2008090901",77,"-1"
"cpj2008092601",78,"-1"
"cpj2008111301",79,"-1"
"cpj2008112001",80,"-1"
"cerezo2008112701",81,"-1"
"cpj2009010801",82,"-1"
"cpj2009021701",83,"-1"
"cerezo2009030601",84,"-1"
"cerezo2009031301",85,"-1"
"cpj2009040601",86,"-1"
"cpj2009050601",87,"-1"
"cpj2009052601",88,"-1"
"cerezo2009071701",89,"-1"
"cpj2009092801",90,"-1"
"cpj2009111201",91,"-1"
"rsf2009122401",92,"-1"
"cpj2009122401",93,"-1"
"rsf2010010401",94,"-1"
"rsf2010010801",95,"-1"
"cpj2010011101",96,"-1"
"rsf2010011601",97,"-1"
"cpj2010011901",98,"-1"
"cpj2010011902",99,"-1"
"cpj2010020201",100,"-1"
"rsf2010030201",101,"-1"
"cpj2010031101",102,"-1"
"rsf2010031201",103,"-1"
"rsf2010031501",104,"-1"
"cpj2010031601",105,"-1"
"cpj2010040901",106,"-1"
"rsf2010040901",107,"-1"
"rsf2010041101",108,"-1"
"cerezo2010041601",109,"-1"
"rsf2010042301",110,"-1"
"cpj2010042901",111,"-1"
"rsf2010043001",112,"-1"
"cpj2010043001",113,"-1"
"cerezo2010050901",114,"-1"
"cpj2010051801",115,"-1"
"prodh2010060701",116,"-1"
"rsf2010061801",117,"-1"
"rsf2010063001",118,"-1"
"cpj2010070101",119,"-1"
"prodesc2010070401",120,"-1"
"prodesc2010070501",121,"-1"
"cpj2010070601",122,"-1"
"rsf2010070701",123,"-1"
"cpj2010070901",124,"-1"
"rsf2010071201",125,"-1"
"cpj2010071301",126,"-1"
"cpj2010072801",127,"-1"
"prodh2010080201",128,"-1"
"cpj2010080201",129,"-1"
"prodh2010080301",130,"-1"
"rsf2010080601",131,"-1"
"rsf2010081101",132,"-1"
"cpj2010081601",133,"-1"
"prodesc2010081601",134,"-1"
"rsf2010081701",135,"-1"
"prodesc2010081701",136,"-1"
"prodh2010081701",137,"-1"
"prodesc2010082601",138,"-1"
"rsf2010082701",139,"-1"
"cpj2010082701",140,"-1"
"prodesc2010090201",141,"-1"
"prodesc2010090901",142,"-1"
"cerezo2010091301",143,"-1"
"cpj2010091601",144,"-1"
"rsf2010091701",145,"-1"
"cpj2010092201",146,"-1"
"rsf2010101501",147,"-1"
"rsf2010102601",148,"-1"
"prodh2010102801",149,"-1"
"prodh2010110201",150,"-1"
"rsf2010110501",151,"-1"
"cpj2010110801",152,"-1"
"prodh2010110801",153,"-1"
"rsf2010111901",154,"-1"
"prodesc2010122201",155,"-1"
"prodh2011010201",156,"-1"
"prodh2011010501",157,"-1"
"acuddeh2011011301",158,"-1"
"acuddeh2011011302",159,"-1"
"rsf2011011301",160,"-1"
"acuddeh2011011701",161,"-1"
"acuddeh2011012501",162,"-1"
"prodh2011012801",163,"-1"
"acuddeh2011013101",164,"-1"
"acuddeh2011020201",165,"-1"
"acuddeh2011020301",166,"-1"
"codigodh2011020301",167,"-1"
"codigodh2011020302",168,"-1"
"rsf2011020801",169,"-1"
"acuddeh2011020901",170,"-1"
"cpj2011021101",171,"-1"
"rsf2011021101",172,"-1"
"acuddeh2011021501",173,"-1"
"rsf2011021601",174,"-1"
"acuddeh2011022101",175,"-1"
"acuddeh2011022201",176,"-1"
"acuddeh2011022501",177,"-1"
"acuddeh2011022801",178,"-1"
"cerezo2011030401",179,"-1"
"prodh2011030601",180,"-1"
"prodh2011030801",181,"-1"
"acuddeh2011030801",182,"-1"
"prodh2011030802",183,"-1"
"prodh2011030901",184,"-1"
"acuddeh2011031701",185,"-1"
"acuddeh2011031801",186,"-1"
"cerezo2011031801",187,"-1"
"rsf2011032501",188,"-1"
"rsf2011032801",189,"-1"
"cpj2011032901",190,"-1"
"acuddeh2011033001",191,"-1"
"acuddeh2011040501",192,"-1"
"a192011041601",193,"-1"
"cerezo2011042301",194,"-1"
"acuddeh2011042701",195,"-1"
"acuddeh2011050501",196,"-1"
"acuddeh2011050601",197,"-1"
"acuddeh2011050602",198,"-1"
"acuddeh2011051101",199,"-1"
"acuddeh2011051301",200,"-1"
"rsf2011051701",201,"-1"
"cpj2011053101",202,"-1"
"cpj2011060101",203,"-1"
"cpj2011060201",204,"-1"
"rsf2011060501",205,"-1"
"cerezo2011060601",206,"-1"
"acuddeh2011060801",207,"-1"
"prodh2011060901",208,"-1"
"cpj2011061001",209,"-1"
"rsf2011061001",210,"-1"
"acuddeh2011061301",211,"-1"
"acuddeh2011061401",212,"-1"
"rsf2011061401",213,"-1"
"acuddeh2011061601",214,"-1"
"rsf2011062101",215,"-1"
"cpj2011062101",216,"-1"
"acuddeh2011062201",217,"-1"
"cerezo2011070401",218,"-1"
"a192011072101",219,"-1"
"a192011072102",220,"-1"
"a192011072103",221,"-1"
"a192011072104",222,"-1"
"a192011072105",223,"-1"
"a192011072106",224,"-1"
"a192011072107",225,"-1"
"a192011072108",226,"-1"
"a192011072109",227,"-1"
"a192011072110",228,"-1"
"a192011072111",229,"-1"
"a192011072112",230,"-1"
"a192011072113",231,"-1"
"a192011072114",232,"-1"
"a192011072115",233,"-1"
"a192011072116",234,"-1"
"a192011072117",235,"-1"
"cpj2011072601",236,"-1"
"prodh2011072701",237,"-1"
"rsf2011072701",238,"-1"
"acuddeh2011080401",239,"-1"
"prodesc2011081601",240,"-1"
"acuddeh2011081601",241,"-1"
"acuddeh2011081602",242,"-1"
"a192011082501",243,"-1"
"a192011082502",244,"-1"
"rsf2011082601",245,"-1"
"cpj2011082601",246,"-1"
"acuddeh2011082801",247,"-1"
"a192011083001",248,"-1"
"rsf2011090201",249,"-1"
"rsf2011090202",250,"-1"
"a192011090201",251,"-1"
"a192011090202",252,"-1"
"prodh2011090501",253,"-1"
"acuddeh2011090601",254,"-1"
"acuddeh2011091401",255,"-1"
"a192011092001",256,"-1"
"rsf2011092201",257,"-1"
"a192011092301",258,"-1"
"rsf2011092601",259,"-1"
"cpj2011092601",260,"-1"
"a192011092601",261,"-1"
"a192011092701",262,"-1"
"cpj2011092901",263,"-1"
"prodesc2011092901",264,"-1"
"acuddeh2011100301",265,"-1"
"rsf2011100501",266,"-1"
"acuddeh2011100701",267,"-1"
"prodh2011101201",268,"-1"
"acuddeh2011101201",269,"-1"
"prodh2011101401",270,"-1"
"prodesc2011101901",271,"-1"
"acuddeh2011101901",272,"-1"
"acuddeh2011102401",273,"-1"
"acuddeh2011102501",274,"-1"
"acuddeh2011102502",275,"-1"
"acuddeh2011102503",276,"-1"
"prodesc2011102601",277,"-1"
"acuddeh2011102601",278,"-1"
"acuddeh2011102602",279,"-1"
"acuddeh2011102603",280,"-1"
"prodh2011102801",281,"-1"
"acuddeh2011110201",282,"-1"
"cerezo2011110201",283,"-1"
"cpj2011110701",284,"-1"
"a192011110801",285,"-1"
"acuddeh2011110901",286,"-1"
"prodesc2011110901",287,"-1"
"cerezo2011110901",288,"-1"
"rsf2011110901",289,"-1"
"acuddeh2011111001",290,"-1"
"acuddeh2011111002",291,"-1"
"acuddeh2011111003",292,"-1"
"acuddeh2011111004",293,"-1"
"acuddeh2011111005",294,"-1"
"acuddeh2011111101",295,"-1"
"acuddeh2011111102",296,"-1"
"acuddeh2011111103",297,"-1"
"cerezo2011111101",298,"-1"
"acuddeh2011111104",299,"-1"
"rsf2011111401",300,"-1"
"a192011111401",301,"-1"
"a192011111501",302,"-1"
"cpj2011111501",303,"-1"
"cpj2011111601",304,"-1"
"prodesc2011111601",305,"-1"
"rsf2011111701",306,"-1"
"a192011111801",307,"-1"
"a192011112301",308,"-1"
"acuddeh2011112501",309,"-1"
"prodesc2011112501",310,"-1"
"cpj2011112801",311,"-1"
"a192011112801",312,"-1"
"acuddeh2011112801",313,"-1"
"a192011112802",314,"-1"
"a192011120401",315,"-1"
"a192011120601",316,"-1"
"acuddeh2011120601",317,"-1"
"acuddeh2011120701",318,"-1"
"acuddeh2011121201",319,"-1"
"acuddeh2011121202",320,"-1"
"a192011121901",321,"-1"
"rsf2012010901",322,"-1"
"cerezo2012011801",323,"-1"
"acuddeh2012013101",324,"-1"
"acuddeh2012013102",325,"-1"
"a192012020301",326,"-1"
"acuddeh2012020401",327,"-1"
"acuddeh2012020601",328,"-1"
"acuddeh2012020602",329,"-1"
"acuddeh2012020701",330,"-1"
"acuddeh2012022201",331,"-1"
"prodh2012022601",332,"-1"
"acuddeh2012022801",333,"-1"
"acuddeh2012022901",334,"-1"
"a192012030201",335,"-1"
"acuddeh2012030601",336,"-1"
"a192012030801",337,"-1"
"cpj2012031301",338,"-1"
"a192012031601",339,"-1"
"acuddeh2012032101",340,"-1"
"a192012032101",341,"-1"
"a192012032501",342,"-1"
"a192012032601",343,"-1"
"a192012032701",344,"-1"
"cpj2012032701",345,"-1"
"rsf2012032901",346,"-1"
"acuddeh2012033001",347,"-1"
"acuddeh2012041001",348,"-1"
"a192012041301",349,"-1"
"acuddeh2012041401",350,"-1"
"cerezo2012041401",351,"-1"
"cerezo2012041501",352,"-1"
"acuddeh2012041501",353,"-1"
"codigodh2012041601",354,"-1"
"acuddeh2012041601",355,"-1"
"prodh2012041601",356,"-1"
"acuddeh2012041701",357,"-1"
"acuddeh2012041702",358,"-1"
"acuddeh2012041801",359,"-1"
"acuddeh2012041802",360,"-1"
"acuddeh2012041803",361,"-1"
"acuddeh2012041804",362,"-1"
"codigodh2012041901",363,"-1"
"acuddeh2012041901",364,"-1"
"a192012042001",365,"-1"
"acuddeh2012042301",366,"-1"
"acuddeh2012042302",367,"-1"
"cerezo2012042801",368,"-1"
"acuddeh2012042801",369,"-1"
"a192012042901",370,"-1"
"cpj2012043001",371,"-1"
"rsf2012050101",372,"-1"
"acuddeh2012050201",373,"-1"
"a192012050301",374,"-1"
"cpj2012050401",375,"-1"
"acuddeh2012050701",376,"-1"
"a192012050801",377,"-1"
"acuddeh2012050901",378,"-1"
"a192012051001",379,"-1"
"a192012051201",380,"-1"
"rsf2012051601",381,"-1"
"cpj2012051801",382,"-1"
"a192012051801",383,"-1"
"a192012051802",384,"-1"
"acuddeh2012052101",385,"-1"
"cpj2012052101",386,"-1"
"acuddeh2012052102",387,"-1"
"rsf2012052101",388,"-1"
"acuddeh2012052401",389,"-1"
"acuddeh2012052402",390,"-1"
"acuddeh2012052403",391,"-1"
"acuddeh2012052404",392,"-1"
"acuddeh2012052801",393,"-1"
"rsf2012053001",394,"-1"
"a192012060201",395,"-1"
"acuddeh2012060601",396,"-1"
"acuddeh2012060701",397,"-1"
"a192012060901",398,"-1"
"rsf2012061201",399,"-1"
"cpj2012061301",400,"-1"
"a192012061401",401,"-1"
"cpj2012061401",402,"-1"
"rsf2012061501",403,"-1"
"prodh2012061501",404,"-1"
"prodesc2012061601",405,"-1"
"rsf2012061901",406,"-1"
"rsf2012062201",407,"-1"
"acuddeh2012062201",408,"-1"
"acuddeh2012062202",409,"-1"
"acuddeh2012062203",410,"-1"
"a192012062201",411,"-1"
"prodesc2012062301",412,"-1"
"prodesc2012062302",413,"-1"
"prodesc2012062303",414,"-1"
"a192012062501",415,"-1"
"codigodh2012062601",416,"-1"
"acuddeh2012062601",417,"-1"
"a192012070501",418,"-1"
"rsf2012070601",419,"-1"
"acuddeh2012070601",420,"-1"
"a192012071001",421,"-1"
"a192012071002",422,"-1"
"cpj2012071101",423,"-1"
"acuddeh2012071101",424,"-1"
"prodesc2012071101",425,"-1"
"acuddeh2012071102",426,"-1"
"rsf2012071101",427,"-1"
"acuddeh2012071301",428,"-1"
"prodesc2012071301",429,"-1"
"prodesc2012071901",430,"-1"
"a192012072001",431,"-1"
"a192012072301",432,"-1"
"acuddeh2012072301",433,"-1"
"cpj2012072501",434,"-1"
"rsf2012072601",435,"-1"
"a192012072601",436,"-1"
"cpj2012073001",437,"-1"
"a192012073001",438,"-1"
"a192012073002",439,"-1"
"cpj2012073002",440,"-1"
"acuddeh2012073001",441,"-1"
"a192012073101",442,"-1"
"acuddeh2012080201",443,"-1"
"acuddeh2012080202",444,"-1"
"a192012080301",445,"-1"
"acuddeh2012081601",446,"-1"
"acuddeh2012081602",447,"-1"
"cpj2012081701",448,"-1"
"cerezo2012082201",449,"-1"
"acuddeh2012082201",450,"-1"
"prodesc2012082901",451,"-1"
"acuddeh2012082901",452,"-1"
"acuddeh2012083101",453,"-1"
"a192012090301",454,"-1"
"acuddeh2012090501",455,"-1"
"prodesc2012090701",456,"-1"
"prodesc2012091201",457,"-1"
"acuddeh2012091301",458,"-1"
"rsf2012091601",459,"-1"
"acuddeh2012091901",460,"-1"
"a192012091901",461,"-1"
"acuddeh2012091902",462,"-1"
"acuddeh2012091903",463,"-1"
"cerezo2012092201",464,"-1"
"acuddeh2012092201",465,"-1"
"acuddeh2012092301",466,"-1"
"acuddeh2012092401",467,"-1"
"cerezo2012092401",468,"-1"
"acuddeh2012092701",469,"-1"
"a192012100101",470,"-1"
"codigodh2012100801",471,"-1"
"cerezo2012101601",472,"-1"
"prodh2012102301",473,"-1"
"acuddeh2012102401",474,"-1"
"prodesc2012102401",475,"-1"
"acuddeh2012102601",476,"-1"
"acuddeh2012102602",477,"-1"
"acuddeh2012103001",478,"-1"
"prodesc2012103101",479,"-1"
"acuddeh2012103101",480,"-1"
"acuddeh2012110601",481,"-1"
"cpj2012110801",482,"-1"
"a192012110801",483,"-1"
"cpj2012111501",484,"-1"
"acuddeh2012111801",485,"-1"
"rsf2012111901",486,"-1"
"a192012112101",487,"-1"
"a192012120301",488,"-1"
"rsf2012120401",489,"-1"
"a192012120401",490,"-1"
"acuddeh2012120501",491,"-1"
"cerezo2012120501",492,"-1"
"a192012120501",493,"-1"
"acuddeh2012120701",494,"-1"
"a192012120701",495,"-1"
"cpj2012120701",496,"-1"
"rsf2012121001",497,"-1"
"a192012122101",498,"-1"
"acuddeh2013010801",499,"-1"
"acuddeh2013010802",500,"-1"
"prodesc2013020201",501,"-1"
"acuddeh2013020601",502,"-1"
"acuddeh2013020701",503,"-1"
"codigodh2013020701",504,"-1"
"acuddeh2013020702",505,"-1"
"a192013020801",506,"-1"
"acuddeh2013021301",507,"-1"
"acuddeh2013021601",508,"-1"
"a192013022601",509,"-1"
"a192013022701",510,"-1"
"a192013030401",511,"-1"
"cpj2013030501",512,"-1"
"a192013030601",513,"-1"
"acuddeh2013031201",514,"-1"
"rsf2013031201",515,"-1"
"codigodh2013031501",516,"-1"
"a192013031601",517,"-1"
"pr2013032001",518,"-1"
"pr2013032002",519,"-1"
"prodh2013032101",520,"-1"
"pr2013032101",521,"-1"
"acuddeh2013032201",522,"-1"
"pr2013032501",523,"-1"
"codigodh2013032901",524,"-1"
"pr2013040101",525,"-1"
"acuddeh2013040201",526,"-1"
"codigodh2013040301",527,"-1"
"acuddeh2013040501",528,"-1"
"acuddeh2013040502",529,"-1"
"pr2013040701",530,"-1"
"pr2013040702",531,"-1"
"acuddeh2013040701",532,"-1"
"acuddeh2013040702",533,"-1"
"acuddeh2013040703",534,"-1"
"a192013040801",535,"-1"
"pr2013041001",536,"-1"
"a192013041101",537,"-1"
"pr2013041101",538,"-1"
"acuddeh2013041301",539,"-1"
"pr2013041501",540,"-1"
"acuddeh2013041501",541,"-1"
"pr2013041601",542,"-1"
"a192013041601",543,"-1"
"pr2013041602",544,"-1"
"a192013041701",545,"-1"
"pr2013041701",546,"-1"
"cpj2013041801",547,"-1"
"a192013041901",548,"-1"
"pr2013041901",549,"-1"
"pr2013042101",550,"-1"
"cpj2013042201",551,"-1"
"pr2013042401",552,"-1"
"pr2013042402",553,"-1"
"a192013042501",554,"-1"
"cpj2013042501",555,"-1"
"pr2013042601",556,"-1"
"a192013042601",557,"-1"
"pr2013043001",558,"-1"
"pr2013043002",559,"-1"
"pr2013050101",560,"-1"
"codigodh2013050101",561,"-1"
"rsf2013050201",562,"-1"
"acuddeh2013050201",563,"-1"
"pr2013050201",564,"-1"
"a192013050201",565,"-1"
"a192013050301",566,"-1"
"pr2013050301",567,"-1"
"pr2013050302",568,"-1"
"cerezo2013050501",569,"-1"
"a192013050601",570,"-1"
"acuddeh2013050601",571,"-1"
"pr2013050701",572,"-1"
"codigodh2013050901",573,"-1"
"acuddeh2013050901",574,"-1"
"pr2013051201",575,"-1"
"a192013051301",576,"-1"
"cerezo2013051301",577,"-1"
"acuddeh2013051401",578,"-1"
"pr2013051401",579,"-1"
"pr2013051501",580,"-1"
"pr2013051502",581,"-1"
"pr2013051503",582,"-1"
"a192013051501",583,"-1"
"a192013051601",584,"-1"
"pr2013051801",585,"-1"
"a192013051801",586,"-1"
"pr2013052001",587,"-1"
"a192013052101",588,"-1"
"pr2013052201",589,"-1"
"a192013052401",590,"-1"
"rsf2013052701",591,"-1"
"a192013053001",592,"-1"
"acuddeh2013060601",593,"-1"
"pr2013060701",594,"-1"
"prodh2013061001",595,"-1"
"pr2013061101",596,"-1"
"pr2013061301",597,"-1"
"a192013061401",598,"-1"
"acuddeh2013061601",599,"-1"
"pr2013061901",600,"-1"
"acuddeh2013062101",601,"-1"
"a192013062101",602,"-1"
"pr2013062401",603,"-1"
"a192013062601",604,"-1"
"acuddeh2013062901",605,"-1"
"a192013062901",606,"-1"
"pr2013062901",607,"-1"
"a192013070101",608,"-1"
"pr2013070201",609,"-1"
"a192013070201",610,"-1"
"rsf2013070401",611,"-1"
"acuddeh2013070401",612,"-1"
"a192013070701",613,"-1"
"pr2013070701",614,"-1"
"pr2013070901",615,"-1"
"pr2013071001",616,"-1"
"a192013071101",617,"-1"
"a192013071201",618,"-1"
"acuddeh2013071201",619,"-1"
"a192013071701",620,"-1"
"pr2013071701",621,"-1"
"cpj2013071801",622,"-1"
"rsf2013071801",623,"-1"
"acuddeh2013072001",624,"-1"
"pr2013072501",625,"-1"
"acuddeh2013072501",626,"-1"
"pr2013072601",627,"-1"
"pr2013072701",628,"-1"
"acuddeh2013072701",629,"-1"
"a192013072901",630,"-1"
"a192013080201",631,"-1"
"a192013080202",632,"-1"
"acuddeh2013080401",633,"-1"
"pr2013080901",634,"-1"
"pr2013081001",635,"-1"
"a192013081101",636,"-1"
"pr2013081401",637,"-1"
"pr2013081601",638,"-1"
"pr2013082001",639,"-1"
"pr2013082002",640,"-1"
"a192013082101",641,"-1"
"pr2013082301",642,"-1"
"acuddeh2013082301",643,"-1"
"acuddeh2013082401",644,"-1"
"codigodh2013082601",645,"-1"
"acuddeh2013082601",646,"-1"
"acuddeh2013082701",647,"-1"
"a192013090101",648,"-1"
"pr2013090101",649,"-1"
"pr2013090102",650,"-1"
"prodesc2013090201",651,"-1"
"rsf2013090301",652,"-1"
"a192013090501",653,"-1"
"cpj2013090601",654,"-1"
"acuddeh2013090801",655,"-1"
"a192013091001",656,"-1"
"acuddeh2013091101",657,"-1"
"pr2013091201",658,"-1"
"codigodh2013091301",659,"-1"
"pr2013091401",660,"-1"
"pr2013091402",661,"-1"
"acuddeh2013091501",662,"-1"
"rsf2013091601",663,"-1"
"a192013091601",664,"-1"
"acuddeh2013091701",665,"-1"
"pr2013091701",666,"-1"
"acuddeh2013091702",667,"-1"
"acuddeh2013092201",668,"-1"
"acuddeh2013092202",669,"-1"
"rtdt2013092301",670,"-1"
"acuddeh2013092401",671,"-1"
"rsf2013093001",672,"-1"
"pr2013100201",673,"-1"
"pr2013100202",674,"-1"
"pr2013100203",675,"-1"
"pr2013100204",676,"-1"
"pr2013100205",677,"-1"
"pr2013100206",678,"-1"
"pr2013100207",679,"-1"
"pr2013100208",680,"-1"
"rsf2013100301",681,"-1"
"pr2013100401",682,"-1"
"codigodh2013100801",683,"-1"
"pr2013101001",684,"-1"
"pr2013101401",685,"-1"
"pr2013101402",686,"-1"
"acuddeh2013101601",687,"-1"
"a192013101601",688,"-1"
"pr2013101601",689,"-1"
"a192013101701",690,"-1"
"acuddeh2013101701",691,"-1"
"pr2013102101",692,"-1"
"a192013102101",693,"-1"
"a192013102301",694,"-1"
"pr2013102801",695,"-1"
"a192013102901",696,"-1"
"rtdt2013102901",697,"-1"
"pr2013103001",698,"-1"
"rsf2013103101",699,"-1"
"pr2013110401",700,"-1"
"pr2013110501",701,"-1"
"pr2013110601",702,"-1"
"pr2013110602",703,"-1"
"pr2013110701",704,"-1"
"rtdt2013110701",705,"-1"
"a192013110801",706,"-1"
"a192013110802",707,"-1"
"pr2013110901",708,"-1"
"rtdt2013111001",709,"-1"
"prodh2013111001",710,"-1"
"acuddeh2013111101",711,"-1"
"prodesc2013111101",712,"-1"
"acuddeh2013111102",713,"-1"
"acuddeh2013111201",714,"-1"
"acuddeh2013111202",715,"-1"
"pr2013111201",716,"-1"
"a192013111201",717,"-1"
"a192013111401",718,"-1"
"a192013112501",719,"-1"
"a192013120101",720,"-1"
"pr2013120101",721,"-1"
"pr2013120201",722,"-1"
"pr2013120501",723,"-1"
"prodh2013120601",724,"-1"
"pr2013120701",725,"-1"
"rsf2013120901",726,"-1"
"a192013120901",727,"-1"
"a192013120902",728,"-1"
"pr2013120901",729,"-1"
"pr2013121101",730,"-1"
"a192013121101",731,"-1"
"a192013121301",732,"-1"
"pr2013121401",733,"-1"
"pr2013121402",734,"-1"
"pr2013121403",735,"-1"
"pr2013121404",736,"-1"
"a192013121601",737,"-1"
"a192013121801",738,"-1"
"pr2013122001",739,"-1"
"pr2013122002",740,"-1"
"pr2013122003",741,"-1"
"pr2013122101",742,"-1"
"rsf2013122701",743,"-1"
"pr2014010101",744,"-1"
"a192014010301",745,"-1"
"pr2014010501",746,"-1"
"pr2014011001",747,"-1"
"a192014011101",748,"-1"
"pr2014011201",749,"-1"
"pr2014011301",750,"-1"
"pr2014011601",751,"-1"
"pr2014011701",752,"-1"
"pr2014012001",753,"-1"
"a192014012101",754,"-1"
"a192014012301",755,"-1"
"a192014012501",756,"-1"
"codigodh2014012901",757,"-1"
"acuddeh2014013001",758,"-1"
"a192014013101",759,"-1"
"a192014020501",760,"-1"
"rsf2014020601",761,"-1"
"pr2014020801",762,"-1"
"a192014021101",763,"-1"
"pr2014021101",764,"-1"
"cpj2014021201",765,"-1"
"rsf2014021301",766,"-1"
"a192014021301",767,"-1"
"a192014021801",768,"-1"
"pr2014022201",769,"-1"
"pr2014022301",770,"-1"
"a192014022401",771,"-1"
"pr2014022501",772,"-1"
"acuddeh2014022701",773,"-1"
"acuddeh2014022702",774,"-1"
"a192014030101",775,"-1"
"pr2014030201",776,"-1"
"a192014030301",777,"-1"
"pr2014030401",778,"-1"
"acuddeh2014030701",779,"-1"
"a192014031101",780,"-1"
"pr2014031201",781,"-1"
"a192014031301",782,"-1"
"rsf2014031301",783,"-1"
"a192014031701",784,"-1"
"pr2014031701",785,"-1"
"acuddeh2014031801",786,"-1"
"acuddeh2014031802",787,"-1"
"pr2014031901",788,"-1"
"pr2014032001",789,"-1"
"a192014032001",790,"-1"
"pr2014032601",791,"-1"
"a192014033101",792,"-1"
"a192014040101",793,"-1"
"pr2014040201",794,"-1"
"a192014040201",795,"-1"
"acuddeh2014040201",796,"-1"
"cpj2014040301",797,"-1"
"pr2014040301",798,"-1"
"a192014040301",799,"-1"
"rsf2014040401",800,"-1"
"a192014040701",801,"-1"
"pr2014040701",802,"-1"
"pr2014040801",803,"-1"
"rsf2014040901",804,"-1"
"cerezo2014041001",805,"-1"
"codigodh2014041101",806,"-1"
"a192014041501",807,"-1"
"acuddeh2014041601",808,"-1"
"acuddeh2014041602",809,"-1"
"acuddeh2014041603",810,"-1"
"acuddeh2014041604",811,"-1"
"cerezo2014041701",812,"-1"
"pr2014042201",813,"-1"
"rsf2014042501",814,"-1"
"pr2014050101",815,"-1"
"a192014050201",816,"-1"
"pr2014050201",817,"-1"
"a192014050501",818,"-1"
"a192014050601",819,"-1"
"a192014050901",820,"-1"
"a192014051001",821,"-1"
"a192014051301",822,"-1"
"pr2014051301",823,"-1"
"pr2014052301",824,"-1"
"rsf2014052401",825,"-1"
"a192014052701",826,"-1"
"pr2014052801",827,"-1"
"a192014052901",828,"-1"
"pr2014052901",829,"-1"
"pr2014052902",830,"-1"
"pr2014052903",831,"-1"
"prodh2014053001",832,"-1"
"rsf2014060401",833,"-1"
"pr2014060501",834,"-1"
"cpj2014060501",835,"-1"
"a192014060501",836,"-1"
"cerezo2014060601",837,"-1"
"acuddeh2014060701",838,"-1"
"acuddeh2014060801",839,"-1"
"a192014061001",840,"-1"
"pr2014061001",841,"-1"
"a192014061201",842,"-1"
"prodh2014061301",843,"-1"
"acuddeh2014061301",844,"-1"
"acuddeh2014061401",845,"-1"
"a192014061501",846,"-1"
"a192014061601",847,"-1"
"acuddeh2014061701",848,"-1"
"pr2014061801",849,"-1"
"prodh2014061901",850,"-1"
"rtdt2014061901",851,"-1"
"acuddeh2014061901",852,"-1"
"pr2014062301",853,"-1"
"pr2014062302",854,"-1"
"prodh2014062401",855,"-1"
"acuddeh2014062401",856,"-1"
"acuddeh2014062402",857,"-1"
"prodh2014062402",858,"-1"
"acuddeh2014062403",859,"-1"
"pr2014062501",860,"-1"
"a192014062501",861,"-1"
"a192014062502",862,"-1"
"pr2014062801",863,"-1"
"pr2014070101",864,"-1"
"pr2014070102",865,"-1"
"a192014070101",866,"-1"
"rsf2014070301",867,"-1"
"a192014070301",868,"-1"
"rsf2014070401",869,"-1"
"pr2014070901",870,"-1"
"pr2014070902",871,"-1"
"a192014071101",872,"-1"
"codigodh2014071101",873,"-1"
"acuddeh2014071301",874,"-1"
"acuddeh2014071302",875,"-1"
"acuddeh2014071303",876,"-1"
"prodh2014071401",877,"-1"
"prodh2014071701",878,"-1"
"pr2014072101",879,"-1"
"pr2014072201",880,"-1"
"a192014072801",881,"-1"
"pr2014072801",882,"-1"
"a192014072901",883,"-1"
"a192014073001",884,"-1"
"rsf2014073101",885,"-1"
"pr2014073101",886,"-1"
"pr2014073102",887,"-1"
"a192014073101",888,"-1"
"pr2014073103",889,"-1"
"a192014080101",890,"-1"
"pr2014080101",891,"-1"
"pr2014080102",892,"-1"
"a192014080201",893,"-1"
"prodh2014080401",894,"-1"
"cpj2014080401",895,"-1"
"a192014080501",896,"-1"
"a192014080601",897,"-1"
"cpj2014080601",898,"-1"
"a192014080801",899,"-1"
"pr2014081101",900,"-1"
"pr2014081102",901,"-1"
"a192014081201",902,"-1"
"cpj2014081301",903,"-1"
"a192014081601",904,"-1"
"a192014081801",905,"-1"
"rtdt2014081801",906,"-1"
"pr2014081901",907,"-1"
"pr2014082001",908,"-1"
"pr2014082501",909,"-1"
"rtdt2014082601",910,"-1"
"pr2014082801",911,"-1"
"a192014083101",912,"-1"
"a192014090201",913,"-1"
"pr2014090201",914,"-1"
"pr2014090401",915,"-1"
"rsf2014090401",916,"-1"
"pr2014090402",917,"-1"
"a192014090501",918,"-1"
"rsf2014090501",919,"-1"
"a192014090601",920,"-1"
"cpj2014090801",921,"-1"
"pr2014091001",922,"-1"
"rtdt2014091601",923,"-1"
"pr2014091801",924,"-1"
"a192014091901",925,"-1"
"pr2014092301",926,"-1"
"a192014092401",927,"-1"
"rtdt2014092401",928,"-1"
"rtdt2014092901",929,"-1"
"a192014092901",930,"-1"
"prodh2014092901",931,"-1"
"pr2014093001",932,"-1"
"pr2014093002",933,"-1"
"a192014100101",934,"-1"
"cpj2014100201",935,"-1"
"pr2014100501",936,"-1"
"rsf2014100601",937,"-1"
"pr2014100601",938,"-1"
"rsf2014100801",939,"-1"
"pr2014100801",940,"-1"
"pr2014100901",941,"-1"
"pr2014101001",942,"-1"
"pr2014101101",943,"-1"
"a192014101101",944,"-1"
"a192014101301",945,"-1"
"rsf2014101501",946,"-1"
"a192014101501",947,"-1"
"pr2014101601",948,"-1"
"a192014101601",949,"-1"
"a192014102001",950,"-1"
"prodh2014102001",951,"-1"
"a192014102301",952,"-1"
"rsf2014102301",953,"-1"
"rsf2014102401",954,"-1"
"a192014102501",955,"-1"
"pr2014102701",956,"-1"
"pr2014102702",957,"-1"
"pr2014110101",958,"-1"
"pr2014110102",959,"-1"
"pr2014110501",960,"-1"
"pr2014110502",961,"-1"
"pr2014110503",962,"-1"
"codigodh2014110601",963,"-1"
"pr2014111101",964,"-1"
"rtdt2014111201",965,"-1"
"codigodh2014111201",966,"-1"
"a192014111201",967,"-1"
"pr2014111301",968,"-1"
"a192014111301",969,"-1"
"a192014111401",970,"-1"
"a192014111701",971,"-1"
"rsf2014111701",972,"-1"
"a192014111801",973,"-1"
"pr2014111801",974,"-1"
"pr2014112001",975,"-1"
"pr2014112002",976,"-1"
"pr2014112003",977,"-1"
"a192014112001",978,"-1"
"pr2014112004",979,"-1"
"pr2014112005",980,"-1"
"pr2014112006",981,"-1"
"a192014112101",982,"-1"
"a192014112501",983,"-1"
"rsf2014112501",984,"-1"
"pr2014120101",985,"-1"
"a192014120101",986,"-1"
"pr2014120301",987,"-1"
"a192014120501",988,"-1"
"rtdt2014120501",989,"-1"
"a192014120801",990,"-1"
"rtdt2014121101",991,"-1"
"a192014121401",992,"-1"
"codigodh2014121501",993,"-1"
"rtdt2014121701",994,"-1"
"a192014121701",995,"-1"
"rtdt2014121801",996,"-1"
"rtdt2014121901",997,"-1"
"cerezo2014121901",998,"-1"
"cerezo2014122201",999,"-1"
"a192014122401",1000,"-1"
"a192015010301",1001,"-1"
"rtdt2015010501",1002,"-1"
"cpj2015010601",1003,"-1"
"pr2015010701",1004,"-1"
"a192015010701",1005,"-1"
"rtdt2015010701",1006,"-1"
"a192015010801",1007,"-1"
"a192015011001",1008,"-1"
"pr2015011401",1009,"-1"
"a192015011501",1010,"-1"
"a192015011601",1011,"-1"
"rsf2015012101",1012,"-1"
"pr2015012301",1013,"-1"
"pr2015012501",1014,"-1"
"a192015012601",1015,"-1"
"pr2015012601",1016,"-1"
"pr2015012602",1017,"-1"
"pr2015012801",1018,"-1"
"rtdt2015012901",1019,"-1"
"pr2015012901",1020,"-1"
"a192015012901",1021,"-1"
"cpj2015012901",1022,"-1"
"pr2015020201",1023,"-1"
"pr2015020401",1024,"-1"
"pr2015020402",1025,"-1"
"pr2015020403",1026,"-1"
"acuddeh2015020401",1027,"-1"
"a192015020401",1028,"-1"
"pr2015020501",1029,"-1"
"pr2015020502",1030,"-1"
"a192015020501",1031,"-1"
"pr2015020601",1032,"-1"
"a192015020601",1033,"-1"
"cpj2015020601",1034,"-1"
"pr2015020701",1035,"-1"
"pr2015020702",1036,"-1"
"pr2015020801",1037,"-1"
"a192015020901",1038,"-1"
"pr2015021001",1039,"-1"
"a192015021201",1040,"-1"
"codigodh2015021201",1041,"-1"
"rtdt2015021201",1042,"-1"
"rtdt2015021601",1043,"-1"
"pr2015021601",1044,"-1"
"a192015021601",1045,"-1"
"a192015021602",1046,"-1"
"rsf2015021801",1047,"-1"
"rtdt2015022301",1048,"-1"
"pr2015022401",1049,"-1"
"a192015022501",1050,"-1"
"rtdt2015030501",1051,"-1"
"cerezo2015030501",1052,"-1"
"a192015030501",1053,"-1"
"pr2015030701",1054,"-1"
"rtdt2015030901",1055,"-1"
"pr2015031001",1056,"-1"
"a192015031001",1057,"-1"
"a192015031301",1058,"-1"
"rtdt2015031701",1059,"-1"
"a192015031901",1060,"-1"
"rtdt2015031901",1061,"-1"
"rtdt2015031902",1062,"-1"
"pr2015032001",1063,"-1"
"rsf2015032001",1064,"-1"
"pr2015032401",1065,"-1"
"rsf2015032501",1066,"-1"
"pr2015032501",1067,"-1"
"pr2015032502",1068,"-1"
"a192015032601",1069,"-1"
"a192015032701",1070,"-1"
"pr2015033101",1071,"-1"
"a192015040701",1072,"-1"
"rtdt2015041001",1073,"-1"
"a192015041301",1074,"-1"
"pr2015041401",1075,"-1"
"pr2015041501",1076,"-1"
"a192015041601",1077,"-1"
"pr2015041801",1078,"-1"
"a192015041901",1079,"-1"
"rsf2015042001",1080,"-1"
"rsf2015043001",1081,"-1"
"pr2015050201",1082,"-1"
"a192015050401",1083,"-1"
"pr2015050401",1084,"-1"
"cpj2015050601",1085,"-1"
"a192015050601",1086,"-1"
"pr2015050701",1087,"-1"
"a192015050801",1088,"-1"
"pr2015051001",1089,"-1"
"rsf2015051201",1090,"-1"
"rtdt2015051301",1091,"-1"
"rtdt2015051302",1092,"-1"
"pr2015051801",1093,"-1"
"a192015051901",1094,"-1"
"pr2015052001",1095,"-1"
"a192015052201",1096,"-1"
"pr2015052301",1097,"-1"
"pr2015052501",1098,"-1"
"a192015052701",1099,"-1"
"rtdt2015052801",1100,"-1"
"cpj2015052901",1101,"-1"
"pr2015053001",1102,"-1"
"a192015060101",1103,"-1"
"a192015060102",1104,"-1"
"rtdt2015060301",1105,"-1"
"rtdt2015060302",1106,"-1"
"a192015060301",1107,"-1"
"rsf2015060301",1108,"-1"
"prodh2015060501",1109,"-1"
"pr2015060701",1110,"-1"
"pr2015060702",1111,"-1"
"pr2015060703",1112,"-1"
"a192015060701",1113,"-1"
"pr2015060704",1114,"-1"
"pr2015060705",1115,"-1"
"pr2015060706",1116,"-1"
"pr2015060707",1117,"-1"
"pr2015060708",1118,"-1"
"pr2015060709",1119,"-1"
"pr2015060710",1120,"-1"
"pr2015060711",1121,"-1"
"rtdt2015060801",1122,"-1"
"pr2015060801",1123,"-1"
"prodh2015060801",1124,"-1"
"rsf2015061001",1125,"-1"
"pr2015061101",1126,"-1"
"a192015061201",1127,"-1"
"pr2015061301",1128,"-1"
"a192015061501",1129,"-1"
"a192015061701",1130,"-1"
"pr2015061801",1131,"-1"
"a192015062201",1132,"-1"
"a192015062401",1133,"-1"
"a192015062901",1134,"-1"
"pr2015063001",1135,"-1"
"a192015070101",1136,"-1"
"pr2015070201",1137,"-1"
"cpj2015070201",1138,"-1"
"a192015070201",1139,"-1"
"a192015070202",1140,"-1"
"rsf2015070301",1141,"-1"
"pr2015070301",1142,"-1"
"a192015070401",1143,"-1"
"cpj2015070701",1144,"-1"
"pr2015070701",1145,"-1"
"rtdt2015070901",1146,"-1"
"pr2015071201",1147,"-1"
"rsf2015071301",1148,"-1"
"cerezo2015071301",1149,"-1"
"pr2015071301",1150,"-1"
"a192015071401",1151,"-1"
"acuddeh2015071401",1152,"-1"
"pr2015071501",1153,"-1"
"pr2015071701",1154,"-1"
"rtdt2015072001",1155,"-1"
"rtdt2015072002",1156,"-1"
"rtdt2015072201",1157,"-1"
"pr2015072701",1158,"-1"
"a192015072801",1159,"-1"
"pr2015073101",1160,"-1"
"a192015080101",1161,"-1"
"pr2015080201",1162,"-1"
"cpj2015080301",1163,"-1"
"rtdt2015080301",1164,"-1"
"a192015080401",1165,"-1"
"rtdt2015080401",1166,"-1"
"a192015080402",1167,"-1"
"pr2015081001",1168,"-1"
"a192015081101",1169,"-1"
"prodh2015081201",1170,"-1"
"pr2015081301",1171,"-1"
"cerezo2015081501",1172,"-1"
"a192015082401",1173,"-1"
"a192015082501",1174,"-1"
"a192015082801",1175,"-1"
"pr2015082801",1176,"-1"
"rtdt2015083101",1177,"-1"
"pr2015083101",1178,"-1"
"pr2015083102",1179,"-1"
"a192015090101",1180,"-1"
"cerezo2015090201",1181,"-1"
"pr2015090801",1182,"-1"
"a192015091001",1183,"-1"
"pr2015091501",1184,"-1"
"a192015092101",1185,"-1"
"cerezo2015100401",1186,"-1"
"rtdt2015100801",1187,"-1"
"pr2015101101",1188,"-1"
"a192015101401",1189,"-1"
"a192015101701",1190,"-1"
"pr2015102501",1191,"-1"
"cerezo2015110201",1192,"-1"
"a192015110401",1193,"-1"
"rtdt2015110501",1194,"-1"
"acuddeh2015110701",1195,"-1"
"cerezo2015110701",1196,"-1"
"rtdt2015111201",1197,"-1"
"acuddeh2015111401",1198,"-1"
"pr2015111801",1199,"-1"
"rtdt2015111901",1200,"-1"
"pr2015112001",1201,"-1"
"pr2015112201",1202,"-1"
"pr2015112301",1203,"-1"
"pr2015112501",1204,"-1"
"a192015113001",1205,"-1"
"a192015120101",1206,"-1"
"cerezo2015120901",1207,"-1"
"pr2015121001",1208,"-1"
"a192015121201",1209,"-1"
"prodh2015121601",1210,"-1"
"pr2015121701",1211,"-1"
"rtdt2015121701",1212,"-1"
"pr2015122301",1213,"-1"
"a192015122401",1214,"-1"
"pr2015123001",1215,"-1"
"pr2016010601",1216,"-1"
"a192016010801",1217,"-1"
"cerezo2016011301",1218,"-1"
"a192016011901",1219,"-1"
"a192016011902",1220,"-1"
"pr2016012101",1221,"-1"
"pr2016012201",1222,"-1"
"a192016012201",1223,"-1"
"a192016012501",1224,"-1"
"a192016012601",1225,"-1"
"rsf2016012901",1226,"-1"
"rtdt2016020201",1227,"-1"
"pr2016020401",1228,"-1"
"a192016020501",1229,"-1"
"rtdt2016020801",1230,"-1"
"pr2016020801",1231,"-1"
"a192016020801",1232,"-1"
"cpj2016020901",1233,"-1"
"pr2016020901",1234,"-1"
"a192016021001",1235,"-1"
"pr2016021001",1236,"-1"
"rsf2016021001",1237,"-1"
"a192016021101",1238,"-1"
"a192016021102",1239,"-1"
"rtdt2016021601",1240,"-1"
"rtdt2016021602",1241,"-1"
"pr2016022201",1242,"-1"
"a192016022201",1243,"-1"
"cpj2016022301",1244,"-1"
"rsf2016022401",1245,"-1"
"rtdt2016022701",1246,"-1"
"rtdt2016022901",1247,"-1"
"pr2016030301",1248,"-1"
"rtdt2016030401",1249,"-1"
"a192016030601",1250,"-1"
"a192016030901",1251,"-1"
"a192016030902",1252,"-1"
"rtdt2016031601",1253,"-1"
"cerezo2016032301",1254,"-1"
"acuddeh2016032401",1255,"-1"
"cerezo2016032801",1256,"-1"
"rtdt2016032801",1257,"-1"
"acuddeh2016032901",1258,"-1"
"a192016033101",1259,"-1"
"a192016040301",1260,"-1"
"pr2016040601",1261,"-1"
"rtdt2016040601",1262,"-1"
"cerezo2016040601",1263,"-1"
"a192016040701",1264,"-1"
"rtdt2016041101",1265,"-1"
"a192016041101",1266,"-1"
"rtdt2016041301",1267,"-1"
"rtdt2016041302",1268,"-1"
"a192016041601",1269,"-1"
"a192016042001",1270,"-1"
"rtdt2016042101",1271,"-1"
"pr2016042401",1272,"-1"
"a192016042501",1273,"-1"
"cpj2016042501",1274,"-1"
"prodh2016050301",1275,"-1"
"rtdt2016050301",1276,"-1"
"rtdt2016050401",1277,"-1"
"a192016050601",1278,"-1"
"a192016050701",1279,"-1"
"pr2016050801",1280,"-1"
"cpj2016051201",1281,"-1"
"rtdt2016051301",1282,"-1"
"a192016051601",1283,"-1"
"rsf2016051601",1284,"-1"
"pr2016051601",1285,"-1"
"rtdt2016051801",1286,"-1"
"cpj2016051801",1287,"-1"
"cpj2016051901",1288,"-1"
"codigodh2016052301",1289,"-1"
"rtdt2016052401",1290,"-1"
"codigodh2016052401",1291,"-1"
"rtdt2016052601",1292,"-1"
"pr2016052701",1293,"-1"
"rtdt2016052701",1294,"-1"
"a192016053001",1295,"-1"
"codigodh2016053101",1296,"-1"
"a192016060201",1297,"-1"
"a192016060301",1298,"-1"
"pr2016060501",1299,"-1"
"codigodh2016060701",1300,"-1"
"a192016060801",1301,"-1"
"a192016061001",1302,"-1"
"rtdt2016061301",1303,"-1"
"pr2016061501",1304,"-1"
"a192016061601",1305,"-1"
"pr2016061701",1306,"-1"
"a192016061801",1307,"-1"
"pr2016061901",1308,"-1"
"rtdt2016062001",1309,"-1"
"codigodh2016062001",1310,"-1"
"a192016062001",1311,"-1"
"codigodh2016062002",1312,"-1"
"pr2016062001",1313,"-1"
"codigodh2016062101",1314,"-1"
"codigodh2016062102",1315,"-1"
"codigodh2016062103",1316,"-1"
"cpj2016062101",1317,"-1"
"pr2016062201",1318,"-1"
"rsf2016062201",1319,"-1"
"codigodh2016062201",1320,"-1"
"a192016062201",1321,"-1"
"codigodh2016062202",1322,"-1"
"pr2016062202",1323,"-1"
"rtdt2016062301",1324,"-1"
"a192016062301",1325,"-1"
"a192016062401",1326,"-1"
"pr2016062401",1327,"-1"
"pr2016062501",1328,"-1"
"pr2016062601",1329,"-1"
"rtdt2016062701",1330,"-1"
"a192016062801",1331,"-1"
"codigodh2016062801",1332,"-1"
"rtdt2016062801",1333,"-1"
"codigodh2016063001",1334,"-1"
"a192016070201",1335,"-1"
"pr2016070301",1336,"-1"
"rtdt2016070401",1337,"-1"
"a192016070401",1338,"-1"
"a192016070501",1339,"-1"
"a192016070601",1340,"-1"
"codigodh2016070701",1341,"-1"
"a192016071201",1342,"-1"
"a192016071401",1343,"-1"
"a192016071501",1344,"-1"
"pr2016071901",1345,"-1"
"codigodh2016071901",1346,"-1"
"pr2016072001",1347,"-1"
"pr2016072002",1348,"-1"
"a192016072101",1349,"-1"
"rsf2016072201",1350,"-1"
"cpj2016072201",1351,"-1"
"rtdt2016072501",1352,"-1"
"a192016072901",1353,"-1"
"rtdt2016080501",1354,"-1"
"a192016080601",1355,"-1"
"a192016080801",1356,"-1"
"a192016081401",1357,"-1"
"pr2016081801",1358,"-1"
"a192016081801",1359,"-1"
"rtdt2016081901",1360,"-1"
"a192016081901",1361,"-1"
"cpj2016082301",1362,"-1"
"codigodh2016082401",1363,"-1"
"rtdt2016082501",1364,"-1"
"a192016082501",1365,"-1"
"a192016082601",1366,"-1"
"pr2016090401",1367,"-1"
"a192016090501",1368,"-1"
"a192016090701",1369,"-1"
"a192016091001",1370,"-1"
"pr2016091301",1371,"-1"
"a192016091401",1372,"-1"
"pr2016091401",1373,"-1"
"pr2016091501",1374,"-1"
"a192016091601",1375,"-1"
"a192016091701",1376,"-1"
"rsf2016092001",1377,"-1"
"cpj2016092101",1378,"-1"
"rtdt2016092801",1379,"-1"
"cerezo2016092901",1380,"-1"
"rtdt2016093001",1381,"-1"
"rtdt2016100501",1382,"-1"
"pr2016100601",1383,"-1"
"rtdt2016100601",1384,"-1"
"a192016100701",1385,"-1"
"cerezo2016100701",1386,"-1"
"cerezo2016100702",1387,"-1"
"rtdt2016101401",1388,"-1"
"rtdt2016102401",1389,"-1"
"pr2016102701",1390,"-1"
"pr2016102801",1391,"-1"
"rtdt2016102801",1392,"-1"
"pr2016103101",1393,"-1"
"a192016110201",1394,"-1"
"pr2016110301",1395,"-1"
"a192016110301",1396,"-1"
"a192016110302",1397,"-1"
"cpj2016110401",1398,"-1"
"a192016110501",1399,"-1"
"a192016110502",1400,"-1"
"a192016111101",1401,"-1"
"prodh2016111501",1402,"-1"
"rtdt2016111501",1403,"-1"
"a192016111801",1404,"-1"
"a192016111901",1405,"-1"
"rtdt2016112401",1406,"-1"
"a192016112601",1407,"-1"
"a192016112701",1408,"-1"
"a192016112801",1409,"-1"
"a192016112901",1410,"-1"
"cpj2016113001",1411,"-1"
"a192016120201",1412,"-1"
"a192016120202",1413,"-1"
